,test,train
0.1,0.0007031999998616811,3.5415342999999666
0.2,0.0012526999998954125,3.452416699999958
0.3,0.0013798999998471118,2.824890300000334
0.4,0.001918999999816151,1.7165076000001136
0.5,0.002643600000283186,1.5974256999998033
0.6,0.005457700000079058,1.6384963000000425
0.7,0.024314000000231317,1.7302372999997715
0.8,0.003949400000237802,1.1885333999998693
0.9,0.009881899999982124,0.7977885000000242
