,test,train
0.1,0.11902859999997872,406.5589751
0.2,0.11070810000001075,380.7623868
0.3,0.09511720000000423,373.5478906999999
0.4,0.1329885000000104,285.6054799000001
0.5,0.10511499999984153,241.52162500000009
0.6,0.1300764000000072,196.91349260000015
0.7,0.14916109999990113,133.0567042
0.8,0.18573919999971622,84.66355840000006
0.9,0.27283600000009756,24.223353399999723
