,test,train
0.1,0.00750160000000033,5.6095310000000005
0.2,0.010922199999999549,4.7350351
0.3,0.013409000000001114,4.632025700000002
0.4,0.017902100000000587,3.5378800000000012
0.5,0.02164110000000008,2.9743612000000006
0.6,0.02531190000000194,2.700400300000002
0.7,0.032268599999998315,1.6948983999999996
0.8,0.03529770000000099,1.1478512999999992
0.9,0.0780738999999997,0.4332238000000004
