,test,train
0.1,0.036824199999998086,14.8841775
0.2,0.003044199999997943,10.792766100000001
0.3,0.04208600000000473,10.9812789
0.4,0.005062999999992712,9.755298500000002
0.5,0.011752799999996455,7.699143399999997
0.6,0.005161200000003419,3.060148099999992
0.7,0.009183800000002407,3.341674300000008
0.8,0.02461220000000708,2.4573544
0.9,0.00541099999999517,0.6147750000000087
