,test,train
0.1,0.011819199999999697,2.1458876
0.2,0.017627200000000176,1.6997638999999998
0.3,0.016369700000000265,1.4944080000000004
0.4,0.02210920000000005,1.3220629000000006
0.5,0.025714899999999652,1.0466854000000003
0.6,0.030861800000000272,0.8439415000000006
0.7,0.03772200000000048,0.5889238999999993
0.8,0.04160579999999925,0.4533030999999994
0.9,0.0963238000000004,0.5229476999999996
