,test,train
0.1,0.010103999999999669,2.3171318000000003
0.2,0.01667709999999989,1.7684081000000003
0.3,0.015306199999999492,1.6515161999999997
0.4,0.027611899999999245,1.5461253999999993
0.5,0.024104600000001142,1.2092354999999992
0.6,0.038548399999999816,0.9564056999999995
0.7,0.041823899999998915,0.6600923999999999
0.8,0.04343520000000112,0.558308199999999
0.9,0.11712919999999905,0.5509035000000004
