,test,train
0.1,0.00021979999999999222,0.8072981000000006
0.2,0.0002541999999969846,0.5369090000000014
0.3,0.0008428999999985365,0.42105699999999757
0.4,0.00125810000000115,0.34723860000000073
0.5,0.00041279999999943584,0.3382341999999987
0.6,0.0006515000000000271,0.2801094000000006
0.7,0.000527200000000505,0.18157289999999904
0.8,0.0005773999999973967,0.10502229999999813
0.9,0.0006401999999994246,0.02627250000000103
