,test,train
0.1,0.0002182000000008344,0.8173650000000006
0.2,0.00033499999999975216,0.5430023999999989
0.3,0.00034080000000002997,0.6220314000000009
0.4,0.00038610000000005584,0.4759448000000006
0.5,0.0004275000000006912,0.29463359999999916
0.6,0.00048720000000201935,0.27165769999999867
0.7,0.0005270999999993364,0.177017799999998
0.8,0.000634600000001484,0.14670620000000056
0.9,0.0006733000000025413,0.03426420000000263
