,test,train
0.1,0.00048670000000000657,0.0823559
0.2,0.0005864999999999898,0.19000620000000001
0.3,0.0007127000000000105,0.12171759999999993
0.4,0.0007527999999999979,0.11414659999999999
0.5,0.0009157000000000748,0.09809809999999997
0.6,0.004787100000000155,0.11011859999999996
0.7,0.001293100000000047,0.024240200000000156
0.8,0.0008458000000000077,0.032193099999999975
0.9,0.0006720000000000059,0.04359960000000007
