,test,train
0.1,0.01058860000000017,1.2357517
0.2,0.013498499999999858,1.070649
0.3,0.01789779999999963,0.9885582999999998
0.4,0.021857299999999746,0.8277625
0.5,0.05030670000000015,0.7121449999999996
0.6,0.031663800000000464,0.7428733000000003
0.7,0.04112139999999975,0.4323397
0.8,0.040579199999999815,0.3306559
0.9,0.11049419999999976,0.29257769999999983
