,test,train
0.1,0.05537330000000029,3.0232187
0.2,0.009393100000000487,2.8837901999999995
0.3,0.01261570000000134,2.8432589999999998
0.4,0.01692139999999931,2.527132700000001
0.5,0.06936499999999945,1.996033800000001
0.6,0.10666389999999915,1.4557010999999989
0.7,0.0753415000000004,1.0505856999999992
0.8,0.0769506999999976,0.738105400000002
0.9,0.2694730000000014,0.5900062999999989
