param_SVM__n_iter,test acc,train acc
100,0.8128205128205128,1.0
200,0.8128205128205128,1.0
300,0.8128205128205128,1.0
400,0.8128205128205128,1.0
500,0.8128205128205128,1.0
600,0.8128205128205128,1.0
700,0.8128205128205128,1.0
800,0.8128205128205128,1.0
900,0.8128205128205128,1.0
1000,0.8128205128205128,1.0
1100,0.8128205128205128,1.0
1200,0.8128205128205128,1.0
1300,0.8128205128205128,1.0
1400,0.8128205128205128,1.0
1500,0.8128205128205128,1.0
1600,0.8128205128205128,1.0
1700,0.8128205128205128,1.0
1800,0.8128205128205128,1.0
1900,0.8128205128205128,1.0
2000,0.8128205128205128,1.0
2100,0.8128205128205128,1.0
2200,0.8128205128205128,1.0
2300,0.8128205128205128,1.0
2400,0.8128205128205128,1.0
2500,0.8128205128205128,1.0
