param_Boost__n_estimators,test acc,train acc
1,0.5963918892520107,0.6325455033399299
2,0.5963918892520107,0.6325455033399299
5,0.6043620676162171,0.6411962474072879
10,0.6171105429414294,0.6751278937431399
20,0.6282632856774266,0.7075858682012687
30,0.6171408267239356,0.720383491930545
40,0.6171408267239356,0.720383491930545
50,0.6171408267239356,0.720383491930545
