,test,train
0.1,0.0830225,1.7345116
0.2,0.1692781000000001,1.5109276999999999
0.3,0.2867461000000002,1.2438041999999996
0.4,0.2621361000000002,1.1870225000000003
0.5,0.3392419000000002,1.0032890000000005
0.6,0.3477093,0.6888372999999994
0.7,0.2333293999999988,0.5994656000000003
0.8,0.19737070000000045,0.37972360000000016
0.9,1.1702848999999986,0.318776999999999
