,test,train
0.1,0.023247500000000088,0.004901900000000126
0.2,0.04904999999999937,0.005653699999999873
0.3,0.06183260000000068,0.004141000000000616
0.4,0.08168229999999888,0.0039101000000005826
0.5,0.09462300000000035,0.0031314000000008946
0.6,0.11991650000000043,0.00239739999999955
0.7,0.09695800000000077,0.00253870000000056
0.8,0.11980889999999889,0.003297100000001052
0.9,0.0899132999999992,0.0011303999999991987
