,test,train
0.1,0.07507599999999992,1.2756449
0.2,0.1376545,1.1667958000000003
0.3,0.1749780000000003,1.1191202000000002
0.4,0.22710330000000045,0.9983800999999994
0.5,0.25563169999999946,0.6827214000000001
0.6,0.1916443000000001,0.6066959000000001
0.7,0.1653815999999999,0.39180240000000044
0.8,0.15901679999999985,0.30819000000000063
0.9,0.8411086999999995,0.2182133000000004
