,test,train
0.1,0.022637099999999855,2.0825066
0.2,0.01899940000000022,1.6626943
0.3,0.013378800000000801,1.6048558999999996
0.4,0.027870499999999687,1.4287532
0.5,0.020819200000000038,1.1164141
0.6,0.03231110000000115,0.9017381000000011
0.7,0.06217510000000104,0.7060016000000005
0.8,0.06418329999999983,0.4644838
0.9,0.09771330000000056,0.538609300000001
